site,wind,path,l_dp,f_pred,f_meas_d-0.010,f_meas_d+0.000,f_meas_d+0.010,weight,delta,target,residual
cabauw,4.0,2,1.4554,2786.1,3180.3,2945.3,2718.3,18.90,0.00693,0.28320,-0.00592
cabauw,4.0,3,1.4484,3043.4,3393.3,3134.2,2887.0,19.85,0.00353,0.27873,-0.00249
cabauw,4.0,4,1.4436,3253.2,3549.9,3273.6,3009.4,20.97,0.00063,0.27512,0.00042
cabauw,4.0,5,1.4404,3426.0,3677.4,3384.3,3086.6,4.88,-0.00174,0.27226,0.00281
cabauw,5.0,2,1.4291,4586.2,5186.9,4822.5,4462.5,13.71,0.00647,0.27884,-0.00537
cabauw,5.0,3,1.4248,4967.5,5480.7,5086.1,4696.6,14.51,0.00284,0.27461,-0.00173
cabauw,5.0,4,1.4215,5273.1,5732.9,5285.0,4874.1,20.63,0.00029,0.27160,0.00083
cabauw,6.0,2,1.4358,6683.2,7529.0,6796.4,6242.8,13.86,0.00241,0.27575,-0.00134
cabauw,6.0,3,1.4741,6994.9,7622.9,6839.6,6244.9,18.36,-0.00167,0.27759,0.00263
cabauw,6.0,4,1.5221,7052.2,7511.0,6722.4,6116.2,7.40,-0.00413,0.28352,0.00496
cabauw,7.0,2,1.6127,6996.0,8167.3,7289.4,6580.0,9.37,0.00415,0.31065,-0.00352
cabauw,7.0,3,1.6329,7050.0,8140.8,7248.4,6533.4,11.40,0.00289,0.31414,-0.00230
cabauw,7.0,4,1.6465,7040.0,8062.0,7116.4,6438.1,20.68,0.00169,0.31623,-0.00112
cabauw,8.0,2,1.7250,6944.7,8331.9,7447.9,6704.7,9.72,0.00665,0.34197,-0.00618
cabauw,8.0,3,1.7393,7028.6,8292.5,7408.7,6666.9,10.90,0.00505,0.34445,-0.00459
cabauw,8.0,4,1.7487,6983.4,8105.3,7181.8,6503.7,19.41,0.00320,0.34538,-0.00275
cabauw,9.0,2,1.8126,6941.2,8165.5,7339.3,6654.6,11.10,0.00574,0.36770,-0.00531
cabauw,9.0,3,1.8308,7029.9,8047.7,7233.5,6564.6,12.47,0.00312,0.37107,-0.00270
cabauw,9.0,4,1.8501,6979.8,7572.8,6808.0,6226.2,15.43,-0.00196,0.37252,0.00238
cabauw,10.0,2,1.9001,6338.5,6702.6,6132.0,5640.9,20.34,-0.00363,0.38861,0.00406
cabauw,10.0,3,1.8892,6822.3,7583.5,6863.7,6266.8,21.30,0.00094,0.38921,-0.00051
maasvlakte,8.0,2,1.4204,5708.6,6139.9,5754.6,5369.3,11.29,0.00097,0.27212,0.00015
maasvlakte,8.0,3,1.4159,5843.5,6222.6,5827.3,5432.7,11.40,-0.00063,0.26991,0.00177
maasvlakte,8.0,4,1.4122,5888.5,6209.3,5812.8,5415.9,12.00,-0.00212,0.26791,0.00328
maasvlakte,8.0,5,1.4091,5879.9,6158.6,5766.6,5351.4,5.53,-0.00319,0.26643,0.00436
maasvlakte,10.0,2,1.5793,7027.3,7567.5,6801.3,6252.1,13.41,-0.00264,0.29646,0.00333
maasvlakte,10.0,3,1.5682,7120.1,7567.9,6752.7,6216.5,17.17,-0.00433,0.29243,0.00505
maasvlakte,10.0,4,1.5702,7058.0,7415.1,6615.0,6151.7,8.00,-0.00546,0.29172,0.00617
maasvlakte,11.0,2,1.6613,6750.4,7260.2,6565.9,6034.7,17.47,-0.00242,0.31582,0.00297
maasvlakte,11.0,3,1.6625,6973.8,7561.5,6747.2,6174.7,22.18,-0.00243,0.31612,0.00298
